CREATE TABLE Ugyfel
(ugyfel_pk INT PRIMARY KEY,
keresztnev NVARCHAR(20),
vezeteknev NVARCHAR(20),
telefonszam NVARCHAR(20),
email NVARCHAR(50),
szulido DATE
);
INSERT INTO Ugyfel
(ugyfel_pk,vezeteknev,keresztnev,telefonszam,email,szulido)
VALUES
(1, 'Szabó', 'Viktor', '+36 30 890 8455', 'sz_vik@gmail.com', '2005.05.16'),
(2, 'Kiss', 'Attila', '+36 30 506 3630', 'kiss_attila28@gmail.com', '1965.06.06'),
(3, 'Molnár', 'Judit', '+36 30 250 1817', 'juditmo18@gmail.com', '1985.06.05'),
(4, 'Molnár', 'Éva', '+36 30 279 2483', 'molnar.eva@gmail.com', '1969.11.14'),
(5, 'Molnár', 'Renáta', '+36 30 729 1996', 'molnar_renata@gmail.com', '1957.06.29'),
(6, 'Nagy', 'Viktor', '+36 30 137 2042', 'navik@gmail.com', '1975.01.06'),
(7, 'Kovács', 'József', '+36 30 722 8023', 'kovjoz@gmail.com', '2003.03.10'),
(8, 'Tóth', 'Sándor', '+36 30 110 6822', 'toth.sandor2@gmail.com', '1986.05.17'),
(9, 'Horváth', 'József', '+36 30 890 1275', 'horvathjozsef55@gmail.com', '1963.07.21'),
(10, 'Balogh', 'Attila', '+36 30 267 2743', 'balogh.at@gmail.com', '1996.06.23'),
(11, 'Varga', 'Attila', '+36 30 747 4964', 'vargaattila@gmail.com', '1957.10.30'),
(12, 'Farkas', 'József', '+36 30 996 4981', 'farkasjozsef11@gmail.com', '1964.06.11'),
(13, 'Kovács', 'Attila', '+36 30 129 4821', 'kovacs_attila@gmail.com', '1993.02.25'),
(14, 'Szabó', 'Renáta', '+36 30 559 7419', 'szabo.renata@gmail.com', '2001.01.09'),
(15, 'Horváth', 'Tamás', '+36 30 751 3854', 'horvath_tamas34@gmail.com', '1956.02.24'),
(16, 'Balogh', 'József', '+36 30 384 4455', 'baloghjozsef@gmail.com', '1975.02.19'),
(17, 'Balogh', 'Viktor', '+36 30 951 1598', 'vi.balogh88@gmail.com', '1966.01.31'),
(18, 'Balogh', 'Judit', '+36 30 661 1776', 'balogh_judit28@gmail.com', '1994.04.11'),
(19, 'Szabó', 'József', '+36 30 764 3430', 'szabo.jozsef@gmail.com', '1978.09.01'),
(20, 'Molnár', 'Sándor', '+36 30 930 4603', 'molnar_sandor43@gmail.com', '1966.09.22'),
(21, 'Szabó', 'Sándor', '+36 30 569 3408', 'szabo.sandor46@gmail.com', '1999.08.24'),
(22, 'Farkas', 'Tamás', '+36 30 347 5415', 'tamas.farkas2@gmail.com', '1999.07.11'),
(23, 'Balogh', 'Lili', '+36 30 654 5911', 'baloghlili54@gmail.com', '1980.03.19'),
(24, 'Varga', 'Lili', '+36 30 153 8072', 'varga_lili38@gmail.com', '1989.05.28'),
(25, 'Nagy', 'Sándor', '+36 30 639 5172', 'nagy.sandor99@gmail.com', '2003.05.18'),
(26, 'Molnár', 'Tamás', '+36 30 945 8462', 'molnar_tamas54@gmail.com', '1955.01.16'),
(27, 'Farkas', 'Tamás', '+36 30 542 8596', 'farkastamas@gmail.com', '1990.08.26'),
(28, 'Balogh', 'Sándor', '+36 30 663 3505', 'balogh_sa58@gmail.com', '1966.02.02'),
(29, 'Horváth', 'Renáta', '+36 30 835 2813', 'horvath_renata@gmail.com', '1972.08.10'),
(30, 'Kovács', 'Tamás', '+36 30 118 8065', 'kovacs.tamas54@gmail.com', '1989.08.02'),
(31, 'Varga', 'Lili', '+36 30 194 8649', 'vargalili13@gmail.com', '1985.12.23'),
(32, 'Horváth', 'Attila', '+36 30 482 7352', 'hor_attila2@gmail.com', '1991.06.13'),
(33, 'Tóth', 'Lili', '+36 30 702 6436', 'lili_tot16@gmail.com', '1981.08.28'),
(34, 'Tóth', 'Attila', '+36 30 825 1629', 'at_toth@gmail.com', '1980.02.13'),
(35, 'Horváth', 'Ferenc', '+36 30 769 2016', 'ferenc.hor@gmail.com', '1954.11.20'),
(36, 'Farkas', 'Éva', '+36 30 583 4558', 'eva_farkas@gmail.com', '1991.08.13'),
(37, 'Varga', 'Ferenc', '+36 30 776 2743', 'varga_ferenc12@gmail.com', '1960.06.07'),
(38, 'Tóth', 'Attila', '+36 30 821 4338', 'tothattila82@gmail.com', '1989.04.26'),
(39, 'Horváth', 'Lili', '+36 30 494 6383', 'li.ho@gmail.com', '1992.07.24'),
(40, 'Varga', 'Ferenc', '+36 30 507 7761', 'varga.ferenc@gmail.com', '1997.12.11'),
(41, 'Varga', 'Attila', '+36 30 556 3489', 'attila.va90@gmail.com', '1999.08.20'),
(42, 'Szabó', 'Judit', '+36 30 897 4064', 'szabo.judit4@gmail.com', '2001.01.16'),
(43, 'Varga', 'József', '+36 30 527 5689', 'varga_jozsef32@gmail.com', '1998.01.26'),
(44, 'Horváth', 'József', '+36 30 112 3466', 'horvathjozsef@gmail.com', '1994.11.12'),
(45, 'Kovács', 'Tamás', '+36 30 137 3018', 'tamkov81@gmail.com', '1973.09.21'),
(46, 'Molnár', 'Ferenc', '+36 30 872 2732', 'moferenc@gmail.com', '2007.01.31'),
(47, 'Varga', 'Renáta', '+36 30 406 5662', 'ren.va@gmail.com', '1957.03.24'),
(48, 'Varga', 'Éva', '+36 30 355 6911', 'evavar43@gmail.com', '1993.09.03'),
(49, 'Varga', 'Renáta', '+36 30 199 5591', 'varga_re@gmail.com', '1958.03.16'),
(50, 'Varga', 'Sándor', '+36 30 785 4461', 'varga_sandor25@gmail.com', '1989.06.16'),
(51, 'Kiss', 'Ferenc', '+36 30 991 2608', 'kiss_ferenc@gmail.com', '1955.10.18'),
(52, 'Tóth', 'Renáta', '+36 30 827 9217', 'to_re@gmail.com', '1994.02.15'),
(53, 'Molnár', 'Tamás', '+36 30 714 4036', 'molnar_tamas@gmail.com', '1982.06.12'),
(54, 'Horváth', 'Lili', '+36 30 327 8039', 'horvath.lili@gmail.com', '2000.01.24'),
(55, 'Varga', 'Judit', '+36 30 770 7619', 'vargajudit10@gmail.com', '1974.10.07'),
(56, 'Farkas', 'Sándor', '+36 30 279 4176', 'farkas_sandor@gmail.com', '1985.11.03'),
(57, 'Nagy', 'Ferenc', '+36 30 405 2985', 'nagyferenc@gmail.com', '1962.04.16'),
(58, 'Balogh', 'Éva', '+36 30 889 9569', 'ev_ba97@gmail.com', '1984.06.10'),
(59, 'Nagy', 'Éva', '+36 30 123 2370', 'nag.eva68@gmail.com', '1981.09.27'),
(60, 'Kiss', 'Ferenc', '+36 30 286 7877', 'kissferenc96@gmail.com', '1961.06.12'),
(61, 'Varga', 'Viktor', '+36 30 764 7669', 'varga_viktor@gmail.com', '1996.10.02'),
(62, 'Balogh', 'Ferenc', '+36 30 956 7155', 'balogh.ferenc1@gmail.com', '2004.02.06'),
(63, 'Szabó', 'Éva', '+36 30 827 6169', 'szaboeva@gmail.com', '1966.08.08'),
(64, 'Balogh', 'Viktor', '+36 30 660 2233', 'balogh_vik74@gmail.com', '1986.10.21'),
(65, 'Balogh', 'Attila', '+36 30 281 8124', 'attila_balogh57@gmail.com', '1976.07.10'),
(66, 'Szabó', 'Ferenc', '+36 30 238 7899', 'szaboferenc@gmail.com', '1958.06.26'),
(67, 'Horváth', 'Tamás', '+36 30 937 6716', 'horvathtamas@gmail.com', '1981.06.29'),
(68, 'Balogh', 'Renáta', '+36 30 420 5769', 'ba_re@gmail.com', '1979.06.24'),
(69, 'Varga', 'Tamás', '+36 30 842 7937', 'tamvarga57@gmail.com', '1997.03.07'),
(70, 'Balogh', 'Renáta', '+36 30 384 6560', 'balogh.renata96@gmail.com', '1995.07.05'),
(71, 'Molnár', 'József', '+36 30 620 6537', 'molnar_jozsef@gmail.com', '2000.04.01'),
(72, 'Szabó', 'Judit', '+36 30 559 8522', 'szabo_judit86@gmail.com', '1984.09.08'),
(73, 'Kiss', 'Tamás', '+36 30 397 6520', 'kiss.tamas@gmail.com', '1990.01.31'),
(74, 'Tóth', 'Attila', '+36 30 979 6169', 'toth.attila13@gmail.com', '1987.11.20'),
(75, 'Tóth', 'Éva', '+36 30 207 6024', 'toth.eva@gmail.com', '2004.04.01'),
(76, 'Kiss', 'Viktor', '+36 30 595 9279', 'kiss_viktor96@gmail.com', '2004.02.24'),
(77, 'Varga', 'Sándor', '+36 30 347 6124', 'varga_sandor@gmail.com', '2005.04.18'),
(78, 'Kovács', 'Viktor', '+36 30 461 7979', 'kovacsviktor@gmail.com', '1985.01.22'),
(79, 'Balogh', 'Éva', '+36 30 701 6225', 'balogheva75@gmail.com', '1965.04.06'),
(80, 'Kovács', 'Judit', '+36 30 543 2376', 'kov.judit94@gmail.com', '1975.01.03'),
(81, 'Nagy', 'Ferenc', '+36 30 471 8396', 'ferencnag29@gmail.com', '1985.09.28'),
(82, 'Balogh', 'Lili', '+36 30 531 8168', 'lili.balogh@gmail.com', '1985.11.03'),
(83, 'Farkas', 'Viktor', '+36 30 425 2231', 'farkas_viktor96@gmail.com', '1957.02.18'),
(84, 'Nagy', 'Tamás', '+36 30 898 7742', 'nagy_tamas60@gmail.com', '1976.05.17'),
(85, 'Tóth', 'Judit', '+36 30 940 3636', 'toth_judit80@gmail.com', '1989.06.12'),
(86, 'Balogh', 'József', '+36 30 369 8329', 'baloghjozsef88@gmail.com', '1960.01.30'),
(87, 'Kovács', 'Attila', '+36 30 557 2757', 'at.kov61@gmail.com', '1980.01.22'),
(88, 'Horváth', 'Renáta', '+36 30 439 4435', 'horvathrenata31@gmail.com', '1960.02.11'),
(89, 'Szabó', 'Attila', '+36 30 859 8655', 'szattila@gmail.com', '1988.04.12'),
(90, 'Nagy', 'Lili', '+36 30 461 4390', 'nagylili34@gmail.com', '1960.03.06'),
(91, 'Farkas', 'Tamás', '+36 30 660 9924', 'farkas_tamas15@gmail.com', '2000.03.18'),
(92, 'Horváth', 'Tamás', '+36 30 873 2010', 'horvath.tamas@gmail.com', '1960.06.19'),
(93, 'Szabó', 'Attila', '+36 30 381 8585', 'sza_att25@gmail.com', '1978.03.15'),
(94, 'Kovács', 'Attila', '+36 30 485 2489', 'kovacs.attila@gmail.com', '1996.11.23'),
(95, 'Tóth', 'Judit', '+36 30 794 5427', 'tot_jud@gmail.com', '1970.03.28'),
(96, 'Horváth', 'József', '+36 30 962 6423', 'horvathjozsef16@gmail.com', '1993.03.11'),
(97, 'Varga', 'Judit', '+36 30 633 4695', 'varga_judit@gmail.com', '1968.01.02'),
(98, 'Molnár', 'Éva', '+36 30 636 9588', 'mo_eva@gmail.com', '2005.07.14'),
(99, 'Balogh', 'Ferenc', '+36 30 268 7297', 'balogh.ferenc64@gmail.com', '1983.01.31'),
(100, 'Varga', 'Éva', '+36 30 240 1799', 'vargaeva42@gmail.com', '1956.07.21'),
(101, 'Varga', 'Ferenc', '+36 30 678 5373', 'varga.ferenc@gmail.com', '1966.09.25'),
(102, 'Balogh', 'Renáta', '+36 30 821 4714', 'balogh_renata32@gmail.com', '1980.03.17'),
(103, 'Nagy', 'Sándor', '+36 30 966 9487', 'nagy.sandor@gmail.com', '1963.07.29'),
(104, 'Horváth', 'Attila', '+36 30 569 6869', 'horvathattila@gmail.com', '1997.04.17'),
(105, 'Szabó', 'Ferenc', '+36 30 149 1752', 'szaboferenc24@gmail.com', '1986.08.20'),
(106, 'Horváth', 'Ferenc', '+36 30 198 3961', 'horvath.ferenc@gmail.com', '1977.11.12'),
(107, 'Horváth', 'Ferenc', '+36 30 333 3768', 'horvath_ferenc14@gmail.com', '1972.07.14'),
(108, 'Kiss', 'Attila', '+36 30 496 9574', 'kiss.attila@gmail.com', '1981.04.10'),
(109, 'Kiss', 'Judit', '+36 30 788 3959', 'kissjudit64@gmail.com', '2004.10.19'),
(110, 'Szabó', 'Ferenc', '+36 30 598 5672', 'szabo.ferenc@gmail.com', '1970.02.26'),
(111, 'Horváth', 'Renáta', '+36 30 360 8787', 'horvathrenata55@gmail.com', '1989.08.17'),
(112, 'Balogh', 'Sándor', '+36 30 478 2937', 'basa@gmail.com', '2001.07.18'),
(113, 'Varga', 'Tamás', '+36 30 814 5900', 'varga_tamas@gmail.com', '1998.04.27'),
(114, 'Balogh', 'Éva', '+36 30 601 5338', 'balogheva@gmail.com', '1956.09.13'),
(115, 'Molnár', 'Viktor', '+36 30 607 3735', 'molnarviktor@gmail.com', '1983.12.21'),
(116, 'Horváth', 'József', '+36 30 252 2691', 'horvath.joz84@gmail.com', '1994.06.05'),
(117, 'Kiss', 'József', '+36 30 799 5630', 'kiss.jozsef90@gmail.com', '2000.03.22'),
(118, 'Horváth', 'Lili', '+36 30 493 5647', 'lihorvath@gmail.com', '1995.01.28'),
(119, 'Kiss', 'Judit', '+36 30 453 4850', 'ju_kiss@gmail.com', '1959.11.03'),
(120, 'Horváth', 'Judit', '+36 30 156 8325', 'horvathjudit60@gmail.com', '1968.08.06'),
(121, 'Molnár', 'Attila', '+36 30 550 4589', 'molnar_attila@gmail.com', '1990.05.22'),
(122, 'Tóth', 'Renáta', '+36 30 422 1040', 'tothrenata62@gmail.com', '1976.06.30'),
(123, 'Kovács', 'Sándor', '+36 30 700 6726', 'san.kovacs@gmail.com', '2000.06.13'),
(124, 'Kiss', 'Attila', '+36 30 753 6532', 'kiss.attila@gmail.com', '1995.04.02'),
(125, 'Varga', 'Tamás', '+36 30 118 1281', 'vargatamas@gmail.com', '2005.09.16'),
(126, 'Molnár', 'Lili', '+36 30 802 2395', 'mol.li@gmail.com', '1960.01.22'),
(127, 'Szabó', 'Sándor', '+36 30 952 4962', 'szabo_sandor43@gmail.com', '2006.10.11'),
(128, 'Molnár', 'Tamás', '+36 30 849 9136', 'tam_mol@gmail.com', '1992.11.02'),
(129, 'Balogh', 'Lili', '+36 30 709 1142', 'balogh_lili37@gmail.com', '1966.06.04'),
(130, 'Tóth', 'Ferenc', '+36 30 987 6656', 'ferenctoth44@gmail.com', '1989.11.27'),
(131, 'Varga', 'Tamás', '+36 30 161 6548', 'varga.tamas69@gmail.com', '2006.06.28'),
(132, 'Farkas', 'Sándor', '+36 30 414 3095', 'sandorfa65@gmail.com', '1991.04.10'),
(133, 'Kiss', 'Lili', '+36 30 881 6034', 'kilil@gmail.com', '1988.05.19'),
(134, 'Molnár', 'Lili', '+36 30 617 3263', 'molnarlili@gmail.com', '1978.07.29'),
(135, 'Nagy', 'Renáta', '+36 30 456 2325', 'nagyrenata76@gmail.com', '1986.01.07'),
(136, 'Horváth', 'Judit', '+36 30 538 4992', 'horvathjudit51@gmail.com', '2007.03.13'),
(137, 'Balogh', 'József', '+36 30 368 4083', 'balogh_jozsef94@gmail.com', '1997.06.22'),
(138, 'Nagy', 'Éva', '+36 30 616 8448', 'nagyeva46@gmail.com', '1985.03.04'),
(139, 'Farkas', 'Judit', '+36 30 254 6730', 'farkas_judit@gmail.com', '1997.06.18'),
(140, 'Szabó', 'Renáta', '+36 30 766 3284', 'ren_szabo61@gmail.com', '2005.11.10'),
(141, 'Molnár', 'Viktor', '+36 30 599 6053', 'molnar_viktor@gmail.com', '2005.04.26'),
(142, 'Molnár', 'Tamás', '+36 30 505 8776', 'molnar.tamas67@gmail.com', '1989.09.05'),
(143, 'Kovács', 'Éva', '+36 30 903 8850', 'kovacs.eva@gmail.com', '1961.04.01'),
(144, 'Horváth', 'Judit', '+36 30 549 6351', 'horvath_judit25@gmail.com', '1974.12.26'),
(145, 'Nagy', 'Judit', '+36 30 887 1322', 'nagy.judit63@gmail.com', '1989.04.18'),
(146, 'Tóth', 'József', '+36 30 375 1149', 'to_joz84@gmail.com', '2006.02.24'),
(147, 'Kovács', 'Attila', '+36 30 113 8839', 'kovacs_attila84@gmail.com', '1957.12.11'),
(148, 'Varga', 'Viktor', '+36 30 767 3500', 'vargaviktor@gmail.com', '1975.12.05'),
(149, 'Farkas', 'Renáta', '+36 30 441 1222', 'renatafa3@gmail.com', '1998.01.18'),
(150, 'Horváth', 'Éva', '+36 30 395 8787', 'eva_ho@gmail.com', '1994.12.21'),
(151, 'Varga', 'Lili', '+36 30 339 6762', 'varga.lili@gmail.com', '1978.02.26'),
(152, 'Horváth', 'Éva', '+36 30 384 8459', 'horvath.eva69@gmail.com', '1983.02.28'),
(153, 'Horváth', 'Attila', '+36 30 304 5597', 'horvathattila@gmail.com', '1987.12.17'),
(154, 'Kiss', 'József', '+36 30 566 2697', 'kissjozsef78@gmail.com', '1978.02.15'),
(155, 'Szabó', 'Lili', '+36 30 461 4707', 'lili_szabo19@gmail.com', '1966.05.13'),
(156, 'Szabó', 'Sándor', '+36 30 371 5178', 'szabo_sandor2@gmail.com', '1967.03.31'),
(157, 'Molnár', 'Tamás', '+36 30 570 2365', 'molnar_tamas@gmail.com', '1959.08.10'),
(158, 'Varga', 'Lili', '+36 30 133 8154', 'varlil@gmail.com', '1955.03.31'),
(159, 'Horváth', 'Attila', '+36 30 700 9924', 'horvathattila53@gmail.com', '1962.09.21'),
(160, 'Szabó', 'Sándor', '+36 30 361 7396', 'szabo_sandor@gmail.com', '2006.05.30'),
(161, 'Balogh', 'Renáta', '+36 30 665 9435', 'balogh_renata@gmail.com', '1983.12.25'),
(162, 'Tóth', 'Renáta', '+36 30 468 1562', 'tothrenata@gmail.com', '1996.01.29'),
(163, 'Kiss', 'József', '+36 30 428 1843', 'kissjozsef85@gmail.com', '2007.02.12'),
(164, 'Molnár', 'Éva', '+36 30 974 6673', 'molnareva@gmail.com', '1966.02.24'),
(165, 'Varga', 'Ferenc', '+36 30 734 4918', 'vargaferenc@gmail.com', '1959.03.26'),
(166, 'Kiss', 'Viktor', '+36 30 724 5465', 'vi_kis@gmail.com', '1962.01.22'),
(167, 'Tóth', 'Viktor', '+36 30 531 4763', 'tovi@gmail.com', '1998.01.01'),
(168, 'Nagy', 'József', '+36 30 487 6109', 'nagyjozsef7@gmail.com', '1980.08.10'),
(169, 'Varga', 'Lili', '+36 30 762 5597', 'varga.lili37@gmail.com', '2003.11.03'),
(170, 'Balogh', 'Tamás', '+36 30 877 5947', 'baloghtamas20@gmail.com', '1987.01.19'),
(171, 'Farkas', 'József', '+36 30 514 4623', 'farkas_jozsef@gmail.com', '2000.04.22'),
(172, 'Tóth', 'Sándor', '+36 30 230 3776', 'tothsandor@gmail.com', '1999.05.30'),
(173, 'Balogh', 'Attila', '+36 30 181 1636', 'balogh.attila@gmail.com', '1965.12.02'),
(174, 'Horváth', 'Éva', '+36 30 189 9443', 'horvatheva18@gmail.com', '1981.04.01'),
(175, 'Molnár', 'Lili', '+36 30 813 8136', 'lili.molnar@gmail.com', '2006.12.16'),
(176, 'Tóth', 'Ferenc', '+36 30 242 1020', 'toth_ferenc@gmail.com', '1993.01.30'),
(177, 'Tóth', 'Lili', '+36 30 536 9487', 'lili_tot12@gmail.com', '1961.10.31'),
(178, 'Farkas', 'Éva', '+36 30 464 3219', 'farkas.eva49@gmail.com', '1991.12.10'),
(179, 'Varga', 'Ferenc', '+36 30 349 2727', 'ferva@gmail.com', '1988.08.09'),
(180, 'Kiss', 'József', '+36 30 671 6708', 'kissjozsef38@gmail.com', '1979.03.01'),
(181, 'Kovács', 'Viktor', '+36 30 563 1358', 'vi.kovacs@gmail.com', '1988.01.05'),
(182, 'Horváth', 'Attila', '+36 30 687 1302', 'horvath.attila@gmail.com', '1993.03.31'),
(183, 'Molnár', 'Tamás', '+36 30 372 3027', 'molnartamas@gmail.com', '2005.01.27'),
(184, 'Balogh', 'Tamás', '+36 30 976 1676', 'tam.bal@gmail.com', '2000.04.07'),
(185, 'Szabó', 'Renáta', '+36 30 275 5039', 'szabo_renata@gmail.com', '1962.10.01'),
(186, 'Farkas', 'Éva', '+36 30 889 4427', 'fa_eva54@gmail.com', '1980.05.29'),
(187, 'Kovács', 'Éva', '+36 30 473 3409', 'kovacs_eva@gmail.com', '1996.10.01'),
(188, 'Balogh', 'Attila', '+36 30 531 8299', 'attila_balogh3@gmail.com', '1962.12.11'),
(189, 'Varga', 'Renáta', '+36 30 622 3110', 'vargarenata11@gmail.com', '1992.05.25'),
(190, 'Kovács', 'Sándor', '+36 30 998 5794', 'kovacssandor@gmail.com', '1989.12.23'),
(191, 'Kiss', 'Attila', '+36 30 185 9434', 'kiss.attila@gmail.com', '1988.11.18'),
(192, 'Kiss', 'Ferenc', '+36 30 580 8085', 'kiss.ferenc@gmail.com', '1987.04.27'),
(193, 'Horváth', 'Éva', '+36 30 124 8063', 'horvath_eva@gmail.com', '1967.03.23'),
(194, 'Molnár', 'Ferenc', '+36 30 969 7871', 'molnarferenc@gmail.com', '1995.06.07'),
(195, 'Nagy', 'Viktor', '+36 30 597 1679', 'viknag88@gmail.com', '1975.01.14'),
(196, 'Tóth', 'Lili', '+36 30 298 4724', 'tothlili@gmail.com', '2006.03.05'),
(197, 'Nagy', 'Éva', '+36 30 762 8787', 'eva.nagy70@gmail.com', '2000.03.22'),
(198, 'Szabó', 'Renáta', '+36 30 261 2151', 'renszabo@gmail.com', '1997.09.13'),
(199, 'Balogh', 'Éva', '+36 30 805 1096', 'eva.bal@gmail.com', '1982.12.02'),
(200, 'Kiss', 'József', '+36 30 647 3612', 'kiss.jozsef@gmail.com', '1966.08.09');

CREATE TABLE Dolgozo
(
    dolgozo_pk INT PRIMARY KEY ,
    keresztnev NVARCHAR(20),
    vezeteknev NVARCHAR(20),
    telefonszam NVARCHAR(20),
    email NVARCHAR(50)

);
INSERT INTO Dolgozo
(dolgozo_pk,keresztnev,vezeteknev,telefonszam,email)

VALUES
(1, 'István', 'Szilágyi', '+36 20 745 9651', 'sziliisti11@gmail.com'),
(2, 'Julianna', 'Kovács', '+36 30 417 6503', 'kov.juli3@gmail.com'),
(3, 'Csaba', 'Mezei', '+36 20 713 7686', 'mezei_csabika01@gmail.com'),
(4, 'Márk', 'Illés', '+36 30 529 5953', 'illes_mark@gmail.com'),
(5, 'Lajos', 'Szabó', '+36 20 297 6602', 'szabolajos13@gmail.com'),
(6, 'Sára', 'Kis', '+36 70 493 4165', 'sari.kis7@gmail.com'),
(7, 'Ilona', 'Nagy', '+36 30 968 2039', 'ili._nagy@gmail.com');

CREATE TABLE Idopont
(
    idopont_pk INT PRIMARY KEY,
    ugyfel_fk INT FOREIGN KEY REFERENCES Ugyfel(ugyfel_pk),
    dolgozo_fk INT FOREIGN KEY REFERENCES Dolgozo(dolgozo_pk),
    statusz NVARCHAR(20),
    datum DATE,
    idopont TIME,
    fizetendo INT

);
INSERT INTO Idopont
(idopont_pk, ugyfel_fk, dolgozo_fk, statusz, datum, idopont, fizetendo) 
VALUES
(1, 90, 1, 'completed', '2025.03.03', '15:00:00', 3500),
(2, 76, 4, 'completed', '2025.03.03', '9:30:00', 3500),
(3, 3, 5, 'completed', '2025.03.04', '11:30:00', 15000),
(4, 135, 3, 'completed', '2025.03.04', '14:30:00', 17500),
(5, 121, 2, 'completed', '2025.03.04', '14:00:00', 7500),
(6, 124, 3, 'completed', '2025.03.04', '14:00:00', 18000),
(7, 31, 2, 'cancelled', '2025.03.04', '14:30:00', 14000),
(8, 178, 6, 'cancelled', '2025.03.05', '16:30:00', 13500),
(9, 36, 5, 'completed', '2025.03.05', '16:00:00', 4000),
(10, 200, 1, 'completed', '2025.03.05', '9:00:00', 5500),
(11, 172, 3, 'completed', '2025.03.05', '15:00:00', 41000),
(12, 9, 4, 'cancelled', '2025.03.05', '12:00:00', 31500),
(13, 5, 5, 'cancelled', '2025.03.05', '9:30:00', 8500),
(14, 198, 2, 'completed', '2025.03.06', '15:00:00', 4500),
(15, 183, 3, 'cancelled', '2025.03.06', '15:30:00', 14500),
(16, 165, 2, 'cancelled', '2025.03.06', '17:00:00', 3500),
(17, 39, 1, 'completed', '2025.03.06', '8:30:00', 11000),
(18, 196, 4, 'completed', '2025.03.06', '9:30:00', 15000),
(19, 21, 1, 'completed', '2025.03.06', '16:30:00', 30000),
(20, 115, 2, 'cancelled', '2025.03.07', '16:00:00', 35500),
(21, 116, 6, 'completed', '2025.03.07', '16:30:00', 4000),
(22, 140, 7, 'completed', '2025.03.07', '16:30:00', 20000),
(23, 105, 4, 'cancelled', '2025.03.07', '16:30:00', 3500),
(24, 167, 3, 'completed', '2025.03.07', '16:00:00', 5500),
(25, 33, 3, 'completed', '2025.03.07', '13:30:00', 14000),
(26, 161, 4, 'cancelled', '2025.03.07', '11:00:00', 18500),
(27, 52, 1, 'completed', '2025.03.07', '14:00:00', 3500),
(28, 4, 4, 'cancelled', '2025.03.07', '8:30:00', 32000),
(29, 92, 4, 'cancelled', '2025.03.10', '10:00:00', 32500),
(30, 193, 1, 'completed', '2025.03.10', '10:00:00', 8500),
(31, 38, 5, 'completed', '2025.03.10', '12:00:00', 28000),
(32, 180, 5, 'completed', '2025.03.10', '14:30:00', 12000),
(33, 139, 6, 'completed', '2025.03.10', '14:00:00', 11000),
(34, 179, 3, 'cancelled', '2025.03.10', '10:00:00', 48000),
(35, 64, 1, 'completed', '2025.03.10', '12:00:00', 20000),
(36, 49, 2, 'cancelled', '2025.03.11', '8:30:00', 19500),
(37, 190, 6, 'completed', '2025.03.11', '14:00:00', 25500),
(38, 19, 6, 'completed', '2025.03.11', '9:30:00', 34500),
(39, 32, 7, 'cancelled', '2025.03.11', '8:00:00', 12500),
(40, 168, 2, 'completed', '2025.03.11', '11:30:00', 21500),
(41, 57, 2, 'completed', '2025.03.11', '8:30:00', 29000),
(42, 136, 4, 'completed', '2025.03.11', '13:30:00', 23000),
(43, 187, 2, 'completed', '2025.03.11', '8:30:00', 3500),
(44, 107, 2, 'cancelled', '2025.03.12', '17:30:00', 5500),
(45, 55, 5, 'completed', '2025.03.12', '13:00:00', 29000),
(46, 150, 3, 'completed', '2025.03.12', '15:00:00', 40000),
(47, 103, 1, 'completed', '2025.03.12', '15:00:00', 3500),
(48, 166, 1, 'cancelled', '2025.03.12', '8:30:00', 21000),
(49, 83, 3, 'cancelled', '2025.03.12', '8:00:00', 26000),
(50, 65, 5, 'completed', '2025.03.12', '13:30:00', 7000),
(51, 91, 7, 'cancelled', '2025.03.12', '12:30:00', 54000),
(52, 132, 7, 'completed', '2025.03.12', '8:00:00', 31000),
(53, 129, 1, 'cancelled', '2025.03.12', '13:30:00', 3500),
(54, 106, 7, 'completed', '2025.03.12', '16:00:00', 3500),
(55, 142, 4, 'cancelled', '2025.03.12', '10:00:00', 3500),
(56, 176, 1, 'completed', '2025.03.13', '10:30:00', 48000),
(57, 164, 5, 'completed', '2025.03.13', '16:00:00', 8000),
(58, 148, 6, 'completed', '2025.03.13', '15:30:00', 4500),
(59, 84, 3, 'completed', '2025.03.13', '14:00:00', 23000),
(60, 45, 4, 'completed', '2025.03.13', '16:30:00', 48500),
(61, 77, 2, 'completed', '2025.03.14', '16:30:00', 49500),
(62, 87, 3, 'cancelled', '2025.03.14', '15:30:00', 33000),
(63, 10, 4, 'completed', '2025.03.14', '17:30:00', 12500),
(64, 108, 1, 'completed', '2025.03.14', '14:30:00', 3500),
(65, 99, 4, 'completed', '2025.03.14', '13:00:00', 29000),
(66, 110, 6, 'completed', '2025.03.17', '16:00:00', 19000),
(67, 189, 2, 'cancelled', '2025.03.17', '12:00:00', 3500),
(68, 61, 7, 'completed', '2025.03.17', '10:00:00', 29000),
(69, 147, 1, 'completed', '2025.03.17', '10:00:00', 46000),
(70, 174, 3, 'cancelled', '2025.03.17', '16:00:00', 42500),
(71, 181, 5, 'cancelled', '2025.03.17', '12:30:00', 20500),
(72, 128, 7, 'completed', '2025.03.17', '16:00:00', 44000),
(73, 95, 1, 'completed', '2025.03.18', '16:30:00', 6500),
(74, 15, 3, 'cancelled', '2025.03.18', '10:00:00', 16500),
(75, 144, 1, 'cancelled', '2025.03.18', '14:30:00', 3500),
(76, 8, 5, 'completed', '2025.03.18', '13:30:00', 3500),
(77, 154, 6, 'cancelled', '2025.03.18', '10:00:00', 28500),
(78, 40, 1, 'completed', '2025.03.19', '13:30:00', 8500),
(79, 50, 4, 'completed', '2025.03.19', '10:00:00', 14000),
(80, 13, 5, 'cancelled', '2025.03.19', '10:30:00', 50000),
(81, 185, 2, 'completed', '2025.03.19', '9:00:00', 16500),
(82, 94, 2, 'completed', '2025.03.19', '14:00:00', 48000),
(83, 122, 4, 'completed', '2025.03.19', '14:30:00', 10500),
(84, 191, 1, 'completed', '2025.03.19', '11:00:00', 29000),
(85, 137, 2, 'completed', '2025.03.19', '9:30:00', 5500),
(86, 123, 7, 'completed', '2025.03.20', '10:30:00', 16500),
(87, 134, 2, 'cancelled', '2025.03.20', '14:00:00', 40500),
(88, 117, 1, 'completed', '2025.03.21', '11:30:00', 6500),
(89, 67, 3, 'completed', '2025.03.21', '15:00:00', 34500),
(90, 102, 6, 'completed', '2025.03.21', '10:00:00', 34500),
(91, 11, 4, 'completed', '2025.03.21', '14:00:00', 8500),
(92, 60, 2, 'cancelled', '2025.03.21', '14:30:00', 8500),
(93, 18, 5, 'completed', '2025.03.21', '11:30:00', 51000),
(94, 126, 3, 'cancelled', '2025.03.21', '11:00:00', 3500),
(95, 37, 4, 'completed', '2025.03.24', '11:30:00', 17500),
(96, 170, 5, 'completed', '2025.03.24', '11:00:00', 3500),
(97, 35, 1, 'cancelled', '2025.03.24', '15:30:00', 16000),
(98, 156, 3, 'completed', '2025.03.24', '13:30:00', 12500),
(99, 25, 5, 'completed', '2025.03.24', '16:30:00', 20500),
(100, 69, 2, 'completed', '2025.03.24', '8:30:00', 39500),
(101, 42, 6, 'completed', '2025.03.25', '11:00:00', 13500),
(102, 23, 3, 'completed', '2025.03.25', '10:30:00', 4000),
(103, 62, 2, 'completed', '2025.03.25', '13:30:00', 33500),
(104, 74, 4, 'cancelled', '2025.03.25', '14:00:00', 12000),
(105, 43, 1, 'completed', '2025.03.25', '16:30:00', 18000),
(106, 63, 3, 'completed', '2025.03.25', '17:00:00', 4000),
(107, 199, 4, 'cancelled', '2025.03.25', '9:00:00', 30000),
(108, 153, 1, 'completed', '2025.03.25', '8:00:00', 4000),
(109, 73, 2, 'completed', '2025.03.25', '13:00:00', 48000),
(110, 118, 2, 'completed', '2025.03.26', '8:00:00', 26000),
(111, 145, 5, 'completed', '2025.03.26', '16:00:00', 31500),
(112, 53, 1, 'completed', '2025.03.26', '15:00:00', 4000),
(113, 80, 3, 'completed', '2025.03.26', '11:00:00', 11000),
(114, 143, 2, 'cancelled', '2025.03.26', '16:30:00', 31500),
(115, 177, 6, 'completed', '2025.03.26', '12:30:00', 29500),
(116, 101, 5, 'completed', '2025.03.26', '10:30:00', 46500),
(117, 138, 1, 'completed', '2025.03.26', '13:00:00', 7000),
(118, 194, 4, 'cancelled', '2025.03.26', '16:00:00', 4500),
(119, 120, 7, 'cancelled', '2025.03.26', '14:00:00', 3500),
(120, 163, 1, 'cancelled', '2025.03.26', '15:30:00', 4500),
(121, 71, 4, 'cancelled', '2025.03.26', '12:30:00', 6000),
(122, 186, 7, 'completed', '2025.03.27', '9:30:00', 3500),
(123, 112, 2, 'completed', '2025.03.27', '13:00:00', 3500),
(124, 86, 1, 'cancelled', '2025.03.27', '14:30:00', 15500),
(125, 151, 1, 'completed', '2025.03.27', '10:00:00', 18500),
(126, 100, 6, 'completed', '2025.03.27', '9:30:00', 21000),
(127, 104, 3, 'cancelled', '2025.03.27', '12:00:00', 20000),
(128, 58, 2, 'cancelled', '2025.03.28', '15:00:00', 21500),
(129, 29, 1, 'completed', '2025.03.28', '15:00:00', 3500),
(130, 20, 3, 'completed', '2025.03.28', '8:30:00', 12500),
(131, 133, 1, 'completed', '2025.03.28', '17:00:00', 4500),
(132, 27, 4, 'cancelled', '2025.03.28', '11:30:00', 16500),
(133, 197, 3, 'completed', '2025.03.28', '14:30:00', 40000),
(134, 173, 6, 'completed', '2025.03.28', '12:30:00', 7000),
(135, 47, 4, 'completed', '2025.03.28', '15:00:00', 20500),
(136, 6, 3, 'completed', '2025.03.31', '13:30:00', 36500),
(137, 97, 7, 'completed', '2025.03.31', '8:00:00', 17500),
(138, 146, 4, 'completed', '2025.03.31', '13:00:00', 9500),
(139, 149, 5, 'completed', '2025.03.31', '10:30:00', 47500),
(140, 70, 3, 'completed', '2025.03.31', '10:30:00', 22000),
(141, 131, 1, 'completed', '2025.03.31', '10:30:00', 53000),
(142, 30, 4, 'completed', '2025.03.31', '14:30:00', 3500),
(143, 17, 2, 'completed', '2025.03.31', '16:30:00', 27000),
(144, 162, 1, 'cancelled', '2025.03.31', '13:30:00', 3500),
(145, 109, 5, 'cancelled', '2025.03.31', '9:00:00', 15000),
(146, 2, 2, 'cancelled', '2025.03.31', '9:00:00', 31500),
(147, 88, 3, 'completed', '2025.04.01', '9:00:00', 49500),
(148, 54, 6, 'cancelled', '2025.04.01', '14:30:00', 3500),
(149, 41, 5, 'completed', '2025.04.01', '17:00:00', 10000),
(150, 157, 5, 'completed', '2025.04.01', '9:00:00', 27000),
(151, 152, 4, 'completed', '2025.04.01', '12:30:00', 3500),
(152, 155, 1, 'completed', '2025.04.01', '9:30:00', 42500),
(153, 66, 5, 'completed', '2025.04.01', '8:30:00', 3500),
(154, 68, 7, 'cancelled', '2025.04.01', '16:00:00', 10500),
(155, 34, 2, 'completed', '2025.04.01', '14:30:00', 6000),
(156, 75, 4, 'cancelled', '2025.04.02', '14:00:00', 43000),
(157, 12, 2, 'completed', '2025.04.02', '11:30:00', 6000),
(158, 188, 1, 'completed', '2025.04.02', '8:00:00', 7500),
(159, 192, 2, 'cancelled', '2025.04.02', '15:00:00', 4000),
(160, 78, 1, 'completed', '2025.04.02', '9:30:00', 17000),
(161, 85, 7, 'completed', '2025.04.03', '9:00:00', 15000),
(162, 26, 1, 'completed', '2025.04.03', '11:00:00', 22500),
(163, 72, 6, 'completed', '2025.04.03', '14:30:00', 4500),
(164, 175, 7, 'cancelled', '2025.04.03', '11:00:00', 51500),
(165, 56, 3, 'completed', '2025.04.03', '13:00:00', 8000),
(166, 141, 1, 'completed', '2025.04.03', '14:30:00', 50500),
(167, 51, 1, 'completed', '2025.04.03', '15:30:00', 49500),
(168, 114, 2, 'completed', '2025.04.03', '12:30:00', 55000),
(169, 14, 6, 'completed', '2025.04.03', '8:00:00', 37000),
(170, 119, 3, 'completed', '2025.04.03', '8:30:00', 24500),
(171, 22, 5, 'cancelled', '2025.04.03', '9:30:00', 16500),
(172, 46, 2, 'completed', '2025.04.03', '16:00:00', 10000),
(173, 44, 4, 'completed', '2025.04.03', '13:00:00', 20000),
(174, 171, 2, 'cancelled', '2025.04.04', '16:00:00', 9000),
(175, 79, 4, 'completed', '2025.04.04', '8:30:00', 10000),
(176, 1, 5, 'cancelled', '2025.04.04', '9:30:00', 7000),
(177, 125, 1, 'completed', '2025.04.04', '17:00:00', 33500),
(178, 113, 3, 'completed', '2025.04.04', '8:30:00', 11000),
(179, 195, 3, 'cancelled', '2025.04.04', '16:30:00', 4000),
(180, 93, 5, 'cancelled', '2025.04.04', '11:30:00', 3500),
(181, 160, 4, 'cancelled', '2025.04.04', '12:30:00', 21000),
(182, 24, 5, 'completed', '2025.04.07', '8:00:00', 33000),
(183, 82, 3, 'cancelled', '2025.04.07', '17:00:00', 16000),
(184, 158, 2, 'cancelled', '2025.04.07', '9:30:00', 9000),
(185, 59, 4, 'completed', '2025.04.08', '11:30:00', 32000),
(186, 7, 3, 'completed', '2025.04.08', '11:00:00', 34500),
(187, 48, 1, 'completed', '2025.04.08', '10:30:00', 24500),
(188, 16, 1, 'cancelled', '2025.04.08', '16:00:00', 12000),
(189, 28, 6, 'completed', '2025.04.08', '8:30:00', 36500),
(190, 96, 2, 'completed', '2025.04.08', '11:30:00', 3500),
(191, 98, 4, 'completed', '2025.04.08', '10:30:00', 7000),
(192, 182, 4, 'cancelled', '2025.04.09', '11:30:00', 32500),
(193, 130, 3, 'completed', '2025.04.09', '9:00:00', 25500),
(194, 111, 7, 'completed', '2025.04.09', '9:30:00', 30500),
(195, 127, 5, 'completed', '2025.04.09', '8:00:00', 3500),
(196, 184, 2, 'cancelled', '2025.04.09', '10:30:00', 4500),
(197, 81, 2, 'completed', '2025.04.09', '15:00:00', 6000),
(198, 100, 6, 'cancelled', '2025.04.10', '17:00:00', 23000),
(199, 50, 6, 'cancelled', '2025.04.10', '16:00:00', 34500),
(200, 159, 1, 'completed', '2025.04.10', '13:30:00', 55000),
(201, 169, 3, 'completed', '2025.04.10', '13:00:00', 48000),
(202, 68, 1, 'cancelled', '2025.04.10', '17:00:00', 3500),
(203, 89, 1, 'cancelled', '2025.04.10', '12:30:00', 49500),
(204, 90, 2, 'cancelled', '2025.04.11', '16:00:00', 42000),
(205, 151, 2, 'cancelled', '2025.04.11', '17:00:00', 4500),
(206, 156, 5, 'completed', '2025.04.11', '17:30:00', 39500),
(207, 102, 7, 'completed', '2025.04.11', '17:00:00', 38500),
(208, 17, 4, 'completed', '2025.04.11', '9:30:00', 11500),
(209, 85, 1, 'cancelled', '2025.04.11', '16:30:00', 3500),
(210, 104, 3, 'completed', '2025.04.11', '15:30:00', 4000),
(211, 9, 6, 'completed', '2025.04.14', '14:00:00', 6000),
(212, 25, 3, 'completed', '2025.04.14', '16:00:00', 10500),
(213, 147, 1, 'completed', '2025.04.14', '8:00:00', 17000),
(214, 185, 2, 'completed', '2025.04.14', '15:00:00', 34500),
(215, 114, 2, 'completed', '2025.04.15', '15:30:00', 32000),
(216, 39, 4, 'completed', '2025.04.15', '11:00:00', 29000),
(217, 116, 3, 'completed', '2025.04.15', '12:30:00', 43000),
(218, 61, 5, 'completed', '2025.04.15', '8:00:00', 12000),
(219, 37, 6, 'completed', '2025.04.15', '15:00:00', 3500),
(220, 19, 7, 'completed', '2025.04.15', '11:30:00', 10000),
(221, 187, 5, 'completed', '2025.04.15', '11:30:00', 11500),
(222, 164, 1, 'cancelled', '2025.04.15', '15:00:00', 9000),
(223, 83, 1, 'cancelled', '2025.04.15', '16:30:00', 6000),
(224, 195, 5, 'completed', '2025.04.16', '16:30:00', 4000),
(225, 45, 7, 'cancelled', '2025.04.16', '13:00:00', 16000),
(226, 20, 3, 'cancelled', '2025.04.16', '10:30:00', 9500),
(227, 120, 2, 'completed', '2025.04.16', '9:30:00', 34500),
(228, 190, 3, 'completed', '2025.04.16', '9:30:00', 31500),
(229, 34, 4, 'completed', '2025.04.16', '9:30:00', 29500),
(230, 77, 7, 'cancelled', '2025.04.16', '8:00:00', 11000),
(231, 52, 4, 'completed', '2025.04.17', '11:30:00', 54000),
(232, 23, 1, 'cancelled', '2025.04.17', '9:00:00', 4500),
(233, 48, 6, 'completed', '2025.04.17', '13:00:00', 12000),
(234, 175, 2, 'completed', '2025.04.17', '13:30:00', 44000),
(235, 75, 1, 'cancelled', '2025.04.18', '8:00:00', 25000),
(236, 159, 7, 'completed', '2025.04.18', '14:30:00', 12500),
(237, 60, 4, 'cancelled', '2025.04.18', '13:30:00', 4000),
(238, 15, 5, 'completed', '2025.04.18', '16:30:00', 20500),
(239, 155, 6, 'cancelled', '2025.04.18', '10:00:00', 3500),
(240, 129, 1, 'cancelled', '2025.04.21', '9:30:00', 9000),
(241, 26, 1, 'cancelled', '2025.04.21', '17:30:00', 4000),
(242, 136, 3, 'cancelled', '2025.04.21', '11:00:00', 52000),
(243, 178, 2, 'completed', '2025.04.21', '9:30:00', 54000),
(244, 95, 1, 'completed', '2025.04.21', '14:00:00', 3500),
(245, 117, 3, 'completed', '2025.04.21', '12:00:00', 3500),
(246, 86, 1, 'cancelled', '2025.04.21', '10:00:00', 49500),
(247, 38, 2, 'completed', '2025.04.21', '12:00:00', 13000),
(248, 108, 4, 'completed', '2025.04.22', '11:00:00', 25500),
(249, 110, 2, 'completed', '2025.04.22', '11:00:00', 11000),
(250, 135, 3, 'completed', '2025.04.22', '15:00:00', 8500),
(251, 163, 4, 'cancelled', '2025.04.23', '16:30:00', 7500),
(252, 168, 3, 'completed', '2025.04.23', '13:30:00', 6000),
(253, 89, 2, 'completed', '2025.04.23', '11:30:00', 4500),
(254, 4, 7, 'completed', '2025.04.23', '9:00:00', 4000),
(255, 118, 1, 'completed', '2025.04.23', '17:30:00', 6000),
(256, 11, 1, 'completed', '2025.04.23', '12:00:00', 41000),
(257, 181, 6, 'completed', '2025.04.23', '9:30:00', 6500),
(258, 151, 5, 'completed', '2025.04.23', '08:00:00', 6000),
(259, 190, 2, 'completed', '2025.04.23', '16:30:00', 22500),
(260, 88, 4, 'cancelled', '2025.04.24', '12:00:00', 7000),
(261, 197, 1, 'completed', '2025.04.24', '10:30:00', 4000),
(262, 75, 7, 'completed', '2025.04.24', '16:30:00', 43500),
(263, 121, 7, 'cancelled', '2025.04.24', '11:30:00', 3500),
(264, 196, 5, 'cancelled', '2025.04.24', '13:30:00', 16500),
(265, 189, 4, 'completed', '2025.04.24', '15:00:00', 3500),
(266, 93, 6, 'cancelled', '2025.04.24', '13:00:00', 52000),
(267, 167, 5, 'cancelled', '2025.04.24', '16:00:00', 38500),
(268, 41, 3, 'completed', '2025.04.24', '09:30:00', 38000),
(269, 18, 2, 'cancelled', '2025.04.24', '10:30:00', 46500),
(270, 185, 6, 'cancelled', '2025.04.24', '16:30:00', 30500),
(271, 71, 3, 'cancelled', '2025.04.24', '10:00:00', 52500),
(272, 69, 4, 'cancelled', '2025.04.25', '09:00:00', 3500),
(273, 27, 1, 'cancelled', '2025.04.25', '09:30:00', 33000),
(274, 23, 3, 'completed', '2025.04.25', '11:30:00', 13000),
(275, 28, 1, 'cancelled', '2025.04.25', '10:30:00', 17000),
(276, 67, 1, 'completed', '2025.04.25', '17:30:00', 16500),
(277, 144, 4, 'completed', '2025.04.25', '12:30:00', 6000),
(278, 29, 2, 'completed', '2025.04.25', '09:00:00', 4500),
(279, 140, 4, 'completed', '2025.04.28', '15:00:00', 44500),
(280, 145, 3, 'cancelled', '2025.04.28', '09:00:00', 3500),
(281, 47, 4, 'completed', '2025.04.28', '12:00:00', 10500),
(282, 146, 3, 'completed', '2025.04.28', '13:30:00', 3500),
(283, 9, 2, 'cancelled', '2025.04.28', '09:30:00', 12000),
(284, 168, 5, 'cancelled', '2025.04.28', '16:30:00', 49500),
(285, 48, 2, 'cancelled', '2025.04.28', '10:00:00', 51000),
(286, 16, 6, 'completed', '2025.04.28', '17:30:00', 32000),
(287, 77, 2, 'cancelled', '2025.04.28', '15:30:00', 4000),
(288, 44, 3, 'cancelled', '2025.04.28', '11:00:00', 39000),
(289, 183, 1, 'cancelled', '2025.04.28', '15:00:00', 3500),
(290, 91, 5, 'completed', '2025.04.28', '12:00:00', 10000),
(291, 13, 1, 'completed', '2025.04.28', '11:30:00', 3500),
(292, 30, 2, 'completed', '2025.04.29', '16:30:00', 53000),
(293, 200, 3, 'completed', '2025.04.29', '10:00:00', 4500),
(294, 125, 1, 'cancelled', '2025.04.29', '11:00:00', 19000),
(295, 173, 7, 'completed', '2025.04.29', '15:00:00', 24500),
(296, 180, 6, 'cancelled', '2025.04.29', '09:00:00', 48000),
(297, 3, 1, 'completed', '2025.04.29', '09:00:00', 28500),
(298, 73, 5, 'completed', '2025.04.29', '16:30:00', 6500),
(299, 126, 2, 'completed', '2025.04.29', '16:30:00', 8000),
(300, 99, 4, 'completed', '2025.04.29', '14:00:00', 50500);


CREATE TABLE Szolgaltatas
(
    szolgaltatas_pk INT PRIMARY KEY ,
    szolgaltatas NVARCHAR(50),
    ar INT
);
INSERT INTO Szolgaltatas
(szolgaltatas_pk,szolgaltatas,ar)
VALUES
(1, 'Férfi hajvágás', 6500),
(2, 'Női hajvágás', 12000),
(3, 'Hosszú hajvágás (f)', 8500),
(4, 'Gyermek hajvágás(f)', 4500),
(5, 'Hajfestés (f)', 10000),
(6, 'Hajszőkítés (f)', 18000),
(7, 'Tőfestés (n)', 20000),
(8, 'Teljes festés (n)', 25000),
(9, 'Árnyalás (n)', 20000),
(10, 'Mosás/Szárítás (n)', 8000),
(11, 'Gyermekszárítás (n)', 6000),
(12, 'Gyermekhajvágás(n)', 7000),
(13, 'Vágás, szárítás (n)', 12500),
(14, 'Melír árnyalással (n)', 27000),
(15, 'Babylights (n)', 41500),
(16, 'Melír tőfestéssel, árnyalással (n)', 29000),
(17, 'Babylights tőfesstéssel (n)', 44000),
(18, 'Balayage tőfestéssel (n)', 39500),
(19, 'Hajtő szőkítés árnyalással (n)', 31000),
(20, 'Teljes szőkítés árnyalással (n)', 55000),
(21, 'Haj-és fejbőr terápia (n)', 9500),
(22, 'Hajtetoválás (f)', 4000),
(23, 'Szakáligazitás (f)', 5500),
(24, 'Borotválás (f)', 3500),
(25, 'Dauerolás (f)', 15000);

CREATE TABLE Munkakor
(
    dolgozo_fk INT FOREIGN KEY REFERENCES Dolgozo(dolgozo_pk),
    szolgaltatas_fk  INT FOREIGN KEY REFERENCES Szolgaltatas(szolgaltatas_pk)
);
INSERT INTO Munkakor
(dolgozo_fk,szolgaltatas_fk)
VALUES
(1, 1),
(1, 3),
(1, 4),
(1, 24),
(2, 2),
(2, 6),
(2, 7),
(2, 8),
(2, 14),
(2, 15),
(2, 16),
(2, 17),
(2, 18),
(2, 19),
(2, 20),
(3, 1),
(3, 22),
(3, 23),
(3, 24),
(4, 1),
(4, 3),
(4, 4),
(4, 5),
(4, 6),
(4, 25),
(5, 1),
(5, 3),
(5, 22),
(5, 23),
(5, 24),
(6, 2),
(6, 10),
(6, 11),
(6, 12),
(6, 13),
(7, 9),
(7, 21),
(7, 2),
(7, 8),
(7, 10),
(7, 11),
(7, 12);
